How are you doing,I am doing well
How are you,Im fine
Whats the weather like,Its great
Whats your favorite color,red
whats your name,I do not have a name but a guy name Muhammad made me.
Whats your favourite food,chicken biryani
what color is the sky,blue
whats the time now,ans = str(datetime.datetime.now())
whats the day today,ans = str(datetime.datetime.now())
whats the date,ans = str(datetime.datetime.now())
hi,Hello there
hello, nice to meet you
who is muhammad bahar,a cool guy who made this chatbot
what is fortnite,a trash game
how many centimetres are in an inch,2.54 centimetres are in 1 inch
what are you,im a bot made by someone cool
how do you work,check on my github wiki page for the source code
do you like flowers,i have never seen them